<?xml version="1.0" encoding="UTF-8" standalone="yes"?>
<addon id="plugin.video.rodnoe.tv"
       name="Rodnoe.TV"
       version="1.4.1"
       provider-name="Eugene Bond">
  <requires>
    <import addon="xbmc.python" version="2.1.0"/>
  </requires>
  <extension point="xbmc.python.pluginsource"
             provides="video"
             library="default.py">
    <provides>video</provides>
  </extension>
  <extension point="xbmc.addon.metadata">
    <summary>Онлайн-телевидение Rodnoe.TV</summary>
    <description>Онлайн-телевидение Rodnoe.TV: более 160 русскоязычных каналов от 10 евро в месяц.</description>
    <platform>all</platform>
  </extension>
</addon>
