<?xml version="1.0" encoding="UTF-8" standalone="yes"?>
<addon id="plugin.video.tv-over.net"
       name="TV-Over.NET"
       version="1.1.0"
       provider-name="Eugene Bond">
  <requires>
    <import addon="xbmc.python" version="1.0"/>
  </requires>
  <extension point="xbmc.python.pluginsource"
             provides="video"
             library="default.py">
    <provides>video</provides>
  </extension>
  <extension point="xbmc.addon.metadata">
    <summary>Онлайн-телевидение TV-Over.NET</summary>
    <description>Онлайн-телевидение TV-Over.NET: более 160 русскоязычных, балтийских и прочих каналов от 10 евро в месяц.</description>
    <platform>all</platform>
  </extension>
</addon>
